{
    "train": {
        "accuracy": 0.8060623534141271
    },
    "duration": 235.35074090957642
}