{"train": {"accuracy": 0.8059561587550533}, "duration": 254.50796747207642}